<?xml version="1.0" encoding="UTF-8"?>
<!--
To change this license header, choose License Headers in Project Properties.
To change this template file, choose Tools | Templates
and open the template in the editor.
-->
<!DOCTYPE hibernate-configuration SYSTEM 
"http://www.hibernate.org/dtd/hibernate-configuration-3.0.dtd">
<hibernate-configuration>
   <session-factory>
   
      <property name = "hibernate.dialect">
         org.hibernate.dialect.MySQL8Dialect
      </property>
      
      <property name = "hibernate.connection.driver_class">
         com.mysql.jdbc.Driver
      </property>
      
      <!-- Assume test is the database name -->
      
      <property name = "hibernate.connection.url">
         jdbc:mysql://127.0.0.1:3306/mycart
      </property>
      
      <property name = "hibernate.connection.username">
         root
      </property>
      
      <property name = "hibernate.connection.password">
         v16052001
      </property>
      <property name = "show_sql">true</property>
      <property name = "hbm2ddl.auto">update</property>
      <mapping class="com.mycompany.myshop.entities.User"/>
            <mapping class="com.mycompany.myshop.entities.Category"/>

                  <mapping class="com.mycompany.myshop.entities.Product"/>

      <!-- List of XML mapping files -->

      
   </session-factory>
</hibernate-configuration>
